latitude,longitude
31.878713,-82.278314
31.801724,-82.328709
31.689265,-82.380963
31.666797,-82.188242
31.29066,-82.716356
31.262783,-82.883206
31.327659,-83.024353
31.537783,-82.518741
31.563144,-82.387835
31.31643,-84.548089
31.332232,-84.361466
33.000857,-83.291091
33.070226,-83.148329
33.109236,-83.305584
34.438507,-83.509618
34.368014,-83.482846
34.31956,-83.584094
34.26799,-83.405199
34.029219,-83.81045
33.935485,-83.724143
33.991136,-83.59741
34.013065,-83.71168
34.342248,-84.918156
34.183807,-84.803483
34.105915,-84.734517
34.134286,-84.973205
34.258377,-84.94628
34.320406,-84.734236
31.740772,-83.147197
31.799604,-83.341609
31.392646,-83.199752
31.371464,-83.33841
31.2197,-83.189652
31.080002,-83.232039
32.802912,-83.788578
32.823044,-83.562184
32.844839,-83.689402
32.719099,-83.662634
32.415998,-83.3781
32.488817,-83.231628
31.151743,-82.136841
31.20186,-81.967424
31.246166,-81.81764
31.002245,-83.526825
30.950909,-83.682001
30.747951,-83.682985
30.687548,-83.50762
30.905147,-83.491001
30.814355,-83.556962
32.02637,-81.494082
32.152722,-81.55663
31.850203,-81.264824
32.358212,-81.680174
32.260986,-81.618726
32.564976,-81.895045
32.323208,-81.869898
32.472351,-81.754027
33.058045,-81.701734
33.190234,-81.911279
33.203886,-82.175352
32.893413,-82.197537
32.980717,-81.79614
33.054067,-82.229461
33.050182,-82.012194
33.255426,-83.876357
33.290355,-83.958221
33.314315,-84.038049
33.237173,-84.048156
33.391055,-83.935668
31.476706,-84.742113
31.562969,-84.745908
31.516967,-84.506824
31.521279,-84.62629
30.832619,-81.779398
30.828287,-81.475237
30.983212,-81.68939
32.347531,-82.140534
32.457808,-82.082155
32.376792,-81.985587
33.53353,-85.244504
33.584804,-85.034134
33.642561,-85.180998
33.459267,-85.101768
33.724788,-85.032806
33.720955,-84.950739
33.519802,-84.918098
34.918521,-85.201852
34.909656,-85.060385
34.947206,-85.239755
34.884371,-85.147132
30.926545,-82.176473
30.577901,-82.104247
31.905676,-81.000315
32.047805,-81.271422
32.171526,-81.197661
31.916852,-81.119555
31.986017,-80.919084
32.272544,-84.748796
32.371753,-84.797416
34.483269,-85.230003
34.36377,-85.416023
34.516026,-85.453829
34.48406,-85.360691
34.549923,-85.30826
34.342527,-84.379125
34.23445,-84.538902
34.165426,-84.457
34.252569,-84.333606
34.323079,-84.573684
34.113696,-84.5443
33.927979,-83.353823
33.956998,-83.479132
33.987345,-83.32385
31.562367,-84.942551
31.699038,-85.032214
33.622234,-84.431074
33.604299,-84.328359
33.477662,-84.340843
33.552242,-84.412973
30.835266,-82.670225
31.066737,-82.773071
33.997467,-84.665188
33.844578,-84.633329
33.906465,-84.545245
33.803937,-84.560717
33.961485,-84.535337
34.002898,-84.45859
33.865428,-84.682572
33.872694,-84.533841
33.849564,-84.484233
31.512848,-83.011963
31.683128,-82.902493
31.462584,-82.831669
31.474941,-82.679217
31.607008,-82.742257
31.149975,-83.597706
31.291081,-83.904598
31.143561,-83.919244
31.127614,-83.748773
31.285109,-83.66312
33.601366,-82.299936
33.539883,-82.151516
33.448091,-82.269315
31.119428,-83.427191
31.260579,-83.441399
33.275476,-84.858341
33.271508,-84.740731
33.409991,-84.810199
33.295296,-84.604082
32.761113,-84.054079
32.658935,-83.933697
31.861098,-83.704753
31.942924,-83.783586
34.802352,-85.453273
34.922102,-85.557021
34.851995,-85.485481
34.381946,-84.112113
34.487129,-84.222177
30.752905,-84.47795
30.906225,-84.578777
30.946669,-84.671359
30.871227,-84.444106
30.760571,-84.674795
31.001574,-84.457165
33.736939,-84.264205
33.907592,-84.308583
33.714423,-84.114206
33.810272,-84.14144
33.858226,-84.235178
32.119116,-83.029266
32.364543,-83.204541
32.231808,-83.1833
32.027699,-83.211816
32.176169,-83.926707
32.229084,-83.734894
32.104446,-83.759272
31.534758,-84.061418
31.52526,-84.301465
33.671006,-84.754606
33.747428,-84.676817
33.626191,-84.85149
33.742979,-84.853416
31.385338,-84.94935
31.359989,-84.727365
31.199579,-84.993751
30.7089,-82.839194
30.745401,-83.089131
32.361688,-81.343355
32.252711,-81.267147
32.482162,-81.406062
34.185059,-83.018113
34.183964,-82.783386
34.071156,-82.822838
32.559657,-82.507979
32.350824,-82.323055
32.745652,-82.250976
32.583093,-82.348301
32.546842,-82.170563
32.1172,-81.857351
32.216438,-81.914215
34.862943,-84.331657
34.917258,-84.517744
34.949548,-84.352853
34.946183,-84.232407
34.788562,-84.194951
33.321478,-84.457749
33.467028,-84.457861
33.430867,-84.556906
34.419199,-85.147454
34.156341,-85.317734
34.231049,-85.225233
34.349761,-85.06579
34.112611,-84.171414
34.279198,-84.006186
34.218634,-84.136019
34.306846,-84.145312
34.399287,-83.286564
34.453354,-83.133219
34.317636,-83.14582
34.28741,-83.270406
33.76196,-84.472378
33.64145,-84.463489
33.669059,-84.46936
33.575883,-84.543771
33.554606,-84.72608
34.071321,-84.290102
34.6264,-84.600714
34.68779,-84.483506
34.777746,-84.518776
34.688346,-84.331204
34.594695,-84.429095
33.2608,-82.576958
33.179315,-82.674583
31.168513,-81.487924
31.295858,-81.514498
31.06371,-81.41873
31.212317,-81.315073
31.22967,-81.66406
34.467842,-84.945405
34.4403,-84.764599
34.547053,-84.765656
34.549322,-84.999176
30.884609,-84.176691
30.749093,-84.309813
31.038804,-84.315453
30.738048,-84.150525
31.030628,-84.191239
30.887445,-84.317284
33.522976,-83.198031
33.652392,-83.321387
33.542634,-83.062872
33.641739,-83.037825
33.448451,-83.102339
33.699373,-83.178767
34.113949,-84.036085
34.021197,-83.90074
33.963811,-84.013617
33.877295,-84.141657
33.955248,-84.217261
33.850139,-83.983425
34.021313,-84.100196
34.679116,-83.566025
34.524963,-83.542456
34.67105,-83.402454
34.434185,-83.781342
34.16524,-83.923669
34.268611,-83.802237
34.369266,-83.685009
34.38056,-83.92607
34.23108,-83.89507
33.226406,-83.164721
33.132271,-83.03271
33.333873,-82.871501
33.30738,-82.998247
33.732799,-85.148795
33.831935,-85.138334
33.800173,-85.305429
32.708991,-84.973646
32.818477,-85.012099
32.794643,-84.756932
32.65789,-84.819187
34.412178,-83.049461
34.304305,-82.916857
34.421612,-82.938127
34.280506,-83.058869
33.377734,-85.154615
33.263807,-85.015873
33.240549,-85.174225
33.384716,-84.271951
33.375558,-84.060337
33.477669,-84.134931
33.571786,-84.225981
32.381578,-83.663937
32.469921,-83.718443
32.59256,-83.62846
31.596106,-83.110015
31.646799,-83.406273
31.565466,-83.263747
34.194375,-83.453806
34.092753,-83.550994
34.220206,-83.596531
34.093694,-83.41647
34.140223,-83.707366
33.411166,-83.721793
33.205974,-83.68977
33.32311,-83.715662
33.417301,-83.621925
31.752831,-82.725915
31.850545,-82.569611
33.024327,-82.420307
33.153325,-82.492288
32.862784,-82.425775
33.209713,-82.346552
32.849634,-81.935395
32.713341,-82.004347
32.589278,-82.622414
32.717306,-82.530171
32.721608,-82.815246
32.736379,-82.666108
32.965182,-83.531375
33.094951,-83.597117
33.023295,-84.127632
33.142109,-84.151121
31.036616,-83.002583
31.039358,-83.10826
32.624413,-82.81701
32.270181,-83.000516
32.30095,-82.840039
32.43889,-83.059649
32.578177,-82.978492
32.536134,-83.116426
32.48609,-82.774174
32.39322,-82.926317
31.725071,-84.216056
31.785217,-84.034994
31.873521,-84.195504
31.914139,-81.623396
31.71398,-81.259475
31.718154,-81.400455
33.853772,-82.522538
33.733374,-82.390897
31.828239,-81.823351
31.67487,-81.644044
30.96738,-83.223694
30.956367,-83.368834
30.716121,-83.202405
30.865566,-83.134701
30.775522,-83.3336
34.550867,-84.076961
34.596824,-83.951829
33.384114,-82.391923
33.512953,-82.514855
31.410334,-81.337555
31.552817,-81.438278
32.396935,-84.12297
32.444587,-83.944389
32.314948,-83.957512
32.261434,-84.129087
34.228369,-83.171523
34.058276,-83.266688
34.078901,-83.089236
34.150311,-83.192479
34.177652,-83.317384
32.270949,-84.529407
32.437747,-84.522628
33.150403,-84.593359
33.037153,-84.73467
33.15615,-84.786522
32.923358,-84.576325
32.91299,-84.750541
32.990795,-84.596417
31.165789,-84.602125
31.193622,-84.71884
31.140961,-84.818205
31.380498,-84.100107
31.141468,-84.385082
31.251159,-84.224328
31.123877,-84.155377
31.25245,-84.048457
32.931586,-83.912601
33.098149,-83.911468
32.169735,-82.551347
32.28244,-82.530349
32.052514,-82.520195
33.721163,-83.488024
33.526253,-83.363233
33.48235,-83.533648
33.597977,-83.474214
33.608529,-83.611849
34.651154,-84.864961
34.724493,-84.737036
34.925486,-84.684935
34.846981,-84.664437
32.482901,-84.908375
32.560095,-84.893726
32.458044,-84.963563
32.469857,-84.813099
33.598562,-83.902178
33.548499,-83.75496
33.46077,-83.878274
33.904998,-83.548322
33.774103,-83.336246
33.834125,-83.437728
33.920236,-83.139236
33.780225,-83.09276
33.951047,-82.953748
33.929171,-84.814248
33.828585,-84.804348
34.020563,-84.839533
33.877088,-84.95019
32.628117,-83.76184
32.537549,-83.865383
34.434012,-84.468801
34.469516,-84.602126
34.455755,-84.347075
34.517497,-84.513846
31.306543,-82.270237
31.434942,-82.259257
31.375274,-82.098837
33.05389,-84.466203
33.029015,-84.328338
33.158257,-84.439489
33.128039,-84.314241
34.053818,-85.04371
33.991931,-85.275133
33.97419,-85.071789
32.184603,-83.514867
32.244984,-83.394136
32.299682,-83.525082
33.374162,-83.424158
33.239354,-83.419862
33.340403,-83.275716
31.910293,-84.992763
31.817577,-85.032957
34.944257,-83.23803
34.941779,-83.360875
34.798638,-83.48155
31.886506,-84.76218
31.731082,-84.821733
31.738886,-84.628023
33.444391,-82.022096
33.363219,-82.217116
33.368121,-82.043826
33.292872,-82.033228
33.653814,-84.016224
33.713618,-83.965919
33.594017,-84.080108
32.318201,-84.332419
32.191475,-84.296711
32.88103,-81.692632
32.918394,-81.546921
32.596187,-81.531426
32.668726,-81.732924
32.744261,-81.599103
30.896739,-84.80463
30.919784,-84.919986
33.230815,-84.47803
33.257651,-84.273377
33.219973,-84.170996
33.215446,-84.327287
33.330533,-84.327284
33.299525,-84.181493
33.254678,-84.400712
34.513085,-83.313227
34.568239,-83.221034
34.604692,-83.32464
31.991115,-84.880718
32.141596,-84.891249
32.085721,-84.700973
32.047714,-84.221794
32.125512,-84.083114
31.968503,-84.056677
32.040579,-84.365331
32.595753,-84.559648
32.698362,-84.489897
32.785378,-84.586028
33.550034,-82.923121
33.575671,-82.792934
32.231014,-82.122559
31.95097,-81.975811
32.042912,-82.112868
32.53454,-84.268216
32.661468,-84.241349
32.559004,-84.10497
32.485892,-84.327847
31.853553,-82.933562
31.906641,-82.772232
32.022404,-82.87986
31.926087,-83.064709
31.820634,-84.348887
31.733352,-84.473833
31.868232,-84.502755
31.682411,-84.362316
30.743521,-83.799419
30.982688,-83.877814
31.046159,-84.063276
30.967838,-84.025232
30.940144,-83.780249
30.788043,-83.96762
31.463251,-83.42262
31.548503,-83.566329
31.379644,-83.489761
31.367356,-83.586867
31.463908,-83.518853
31.460674,-83.622348
32.015584,-82.344706
32.189727,-82.323646
34.959441,-83.650199
34.868866,-83.765056
34.946566,-83.874101
32.451679,-82.516382
32.371388,-82.616049
33.09782,-85.149321
33.14949,-85.020023
33.155617,-84.935504
33.017347,-85.018577
32.92051,-84.92393
32.916648,-85.129528
31.695311,-83.65318
31.789913,-83.53229
32.7452,-83.402424
32.595186,-83.452191
34.826828,-83.9564
34.940507,-84.043931
34.720168,-84.02098
32.814857,-84.233686
32.909849,-84.443752
32.928384,-84.193992
32.922325,-84.336164
34.942707,-85.330336
34.865025,-85.335509
34.688783,-85.386484
34.678887,-85.278441
34.875509,-85.406613
34.813431,-85.238157
34.946141,-85.279414
34.652275,-85.139395
33.887783,-83.726848
33.796846,-83.601409
33.741219,-83.816474
33.818778,-83.870453
33.783024,-83.70458
33.676208,-83.690101
31.363204,-82.528119
30.739733,-82.326962
31.250767,-82.520024
31.12709,-82.357162
33.508016,-82.651337
33.336367,-82.728167
33.467566,-82.760383
33.318966,-82.475408
33.387479,-82.60716
32.950873,-82.615389
32.998457,-82.986107
32.835234,-82.707305
33.003857,-82.809415
32.868335,-82.8752
33.135991,-82.790936
31.494049,-81.810864
31.714975,-82.026171
31.505237,-82.021386
32.09946,-84.542613
31.990633,-84.563639
32.113498,-82.80341
32.118418,-82.670064
34.628653,-83.789846
34.738001,-83.721939
34.55156,-83.688053
34.769353,-84.938742
34.933767,-84.909533
34.744501,-85.059768
31.953188,-83.316444
32.053437,-83.495474
31.937345,-83.549914
31.91285,-83.417042
33.78158,-82.882999
33.895747,-82.697208
33.707527,-82.672217
32.68123,-83.169583
32.873931,-83.305704
32.859386,-83.177666
32.793582,-83.048446
31.382339,-83.890205
31.479734,-83.739835
31.528949,-83.894253
31.727669,-83.921723
