latitude,longitude                                                                                                                     
29.96865,-92.095225
34.176729,-82.382945
45.463204,-98.468811
46.974594,-123.831816
38.92106,-97.220754
32.42579,-99.74988
40.767953,-83.825064
34.775053,-96.673796
34.368693,-84.936303
31.145787,-83.427248
41.61053,-94.023973
18.16311,-66.720634
41.899205,-84.04018
13.399011,144.673895
18.391426,-67.091325
36.286472,-76.983542
18.13458,-66.275739
41.073342,-81.495355
32.892453,-105.952133
37.464471,-105.875242
31.586505,-84.172328
44.635118,-123.093403
42.742965,-73.799324
35.379959,-80.188772
43.653783,-93.365114
34.269468,-86.217373
42.249581,-84.755351
43.24579,-78.193578
35.131816,-106.623826
32.943492,-85.962142
40.257609,-85.679057
31.3237,-92.447707
45.891937,-95.378886
43.073988,-94.228673
27.750622,-98.07342
42.536282,-85.850898
42.964159,-85.929201
40.639158,-75.414498
42.09978,-102.873281
40.913518,-81.097902
43.390674,-84.641499
45.04959,-83.453573
32.825726,-116.781139
30.360219,-103.667414
37.113134,-79.291707
38.898528,-90.121266
40.477649,-78.398538
34.657061,-99.309046
36.799658,-98.665505
32.412336,-97.216697
35.192028,-101.846942
32.077399,-84.219732
42.02461,-93.629124
42.275255,-72.653406
33.983635,-88.478932
42.952606,-74.192053
46.132279,-112.96175
48.491868,-122.639049
35.071102,-98.24162
42.110052,-91.27386
61.169584,-149.854154
61.325491,-149.537602
31.305196,-86.479475
40.086247,-85.676223
34.553063,-82.696322
32.323743,-102.541184
29.170738,-95.428262
41.670453,-85.030874
37.461878,-89.248104
42.237327,-83.649391
33.668326,-85.833914
45.142639,-89.153197
37.985757,-121.79064
44.250467,-88.409398
34.330357,-86.500846
27.901076,-97.153623
27.208552,-81.852524
40.877492,-124.078895
34.177688,-97.13738
18.454313,-66.810062
32.749832,-111.673175
34.126249,-93.068945
37.065618,-97.040529
35.284261,-89.665147
35.123896,-120.604569
32.843287,-104.40931
35.203159,-118.832837
30.060172,-81.852388
31.696905,-83.647136
35.734505,-79.812027
35.509787,-82.522474
40.865865,-82.318339
40.793666,-76.284347
46.587261,-90.877925
41.871766,-80.815232
39.714159,-82.974496
39.198226,-106.84115
46.190059,-123.810292
39.565798,-95.13284
34.797624,-86.962366
39.332266,-82.104873
35.452502,-84.609521
32.198133,-95.849966
33.944601,-83.396107
42.599692,-72.237254
33.834858,-84.337701
33.13,-94.169682
41.397778,-95.009637
39.239372,-74.66394
31.025074,-87.488688
35.436176,-89.777209
33.290517,-96.98788
32.611382,-85.452135
41.361557,-85.075974
42.922279,-76.558539
38.925771,-121.080791
44.043392,-83.689549
37.694382,-96.973186
44.323856,-69.807516
33.485271,-82.001784
36.965645,-93.720407
43.668767,-92.976697
30.380036,-97.765795
33.34166,-118.329744
36.000567,-120.132966
36.828868,-108.000173
30.906213,-84.572652
44.780684,-117.83368
35.365109,-119.049231
39.23648,-76.642499
43.106208,-124.420961
44.798865,-68.806636
43.46854,-89.748766
36.860167,-83.870451
18.41848,-66.606724
37.830694,-85.459261
33.056346,-84.160191
41.627072,-70.61661
44.21349,-72.528308
34.886704,-117.032814
36.74927,-95.943864
27.890152,-81.838405
39.38358,-107.080731
32.776054,-91.911145
30.106996,-97.34514
43.002881,-78.176038
33.908796,-81.529076
35.779394,-91.630531
39.30081,-85.215672
34.319332,-89.94112
42.339846,-77.312811
30.410839,-91.032862
42.313131,-85.20252
39.442496,-108.043023
31.771186,-82.346883
32.695934,-108.118383
43.608667,-83.890414
28.985126,-95.951212
30.881721,-87.777638
45.71741,-123.918666
38.571106,-77.769645
40.011448,-90.425261
40.274298,-96.744552
32.430552,-80.714653
30.110762,-94.129316
37.406682,-86.87647
43.471648,-88.82927
37.789184,-81.229955
38.862636,-86.498249
40.032713,-78.508816
37.339142,-79.524904
35.07041,-91.89251
28.406366,-97.748367
39.510202,-76.286721
43.09647,-85.234104
47.445989,-122.8604
44.41684,-68.99446
45.7759,-111.18265
40.359387,-83.753111
40.911329,-77.786548
44.665885,-103.850796
26.683623,-80.67831
44.61807,-93.759712
41.277074,-82.84458
48.773007,-122.480881
43.131472,-72.449764
42.503862,-89.027523
30.188169,-97.987033
34.527111,-82.49847
47.48452,-94.89423
44.050969,-121.31822
34.621515,-79.684769
42.899989,-73.204499
31.961786,-110.294175
38.000944,-88.919648
36.851835,-88.359536
32.672627,-93.72546
42.052276,-86.480381
37.583562,-84.293019
44.482025,-71.16291
43.970639,-88.947368
36.369166,-93.563263
60.7653,-161.804893
28.892968,-82.443873
34.244205,-116.854109
45.339948,-93.745209
24.661751,-81.414396
43.692418,-85.481129
32.244288,-101.461699
36.864971,-82.764885
45.787459,-108.53712
42.10852,-75.964231
48.947603,-122.735883
40.265603,-75.749569
33.475252,-86.784185
31.403482,-109.92094
37.365976,-118.415939
46.819848,-100.801005
43.198466,-112.359362
44.296885,-90.849189
37.185325,-80.41322
36.800234,-97.291627
41.536927,-96.122541
40.443953,-79.264054
36.715582,-107.975039
39.166091,-86.552907
40.493771,-88.978991
41.027288,-76.36377
36.129182,-81.666326
37.269528,-81.255889
40.751443,-85.162221
32.253775,-80.867672
32.271051,-80.966117
33.609113,-114.579244
35.931893,-89.917459
29.779302,-98.718712
30.780619,-89.86476
43.617616,-116.301508
37.606027,-93.414705
35.264176,-89.000544
33.587318,-96.181486
26.23611,-81.746589
37.922602,-90.546587
42.056076,-93.875484
36.213842,-81.665197
34.661137,-88.555919
38.046847,-87.270935
38.961439,-92.746203
43.835484,-69.622163
35.666797,-101.399608
42.378999,-71.142344
40.023878,-105.243811
35.973364,-114.840711
33.560626,-97.84825
36.963135,-86.440824
41.374021,-83.65123
44.147281,-103.065446
45.206022,-85.000772
45.677082,-111.055647
27.28683,-82.457015
41.963843,-78.641214
31.129823,-99.337175
46.361308,-94.214063
43.593329,-96.580853
36.64692,-93.247916
42.858719,-72.574444
32.977834,-115.535864
39.523118,-87.117042
30.28917,-91.874349
39.48617,-106.03932
32.756761,-98.905695
38.615243,-89.524393
33.715927,-85.142396
47.61591,-122.62618
30.164008,-96.398815
35.236962,-82.722868
31.105736,-87.069116
41.210462,-73.312649
39.438984,-75.229576
41.48781,-112.022274
36.607403,-82.1467
38.615845,-78.789572
43.21835,-77.935981
39.783508,-93.076913
31.586126,-90.445631
42.053123,-124.273329
44.301369,-96.786554
28.554493,-82.389931
39.840459,-84.413995
41.16113,-79.078754
33.177597,-102.272499
40.029203,-74.615661
35.595303,-89.257588
25.955911,-97.476682
31.706538,-98.974376
31.202499,-81.494876
43.915737,-69.910619
39.320089,-77.622161
40.257339,-103.630336
41.470289,-84.547443
41.828632,-86.35307
33.385281,-112.582651
33.671695,-112.623036
38.981818,-80.228055
40.803787,-82.97168
34.615497,-120.194237
38.831576,-106.132975
37.736015,-79.352678
45.183812,-93.8544
42.931099,-78.81206
44.352445,-106.699723
35.398037,-78.815763
35.134325,-114.533998
34.083138,-98.568509
42.549818,-113.779147
40.80986,-91.153426
36.076328,-79.418004
44.470147,-73.152262
42.704405,-88.251596
30.763227,-98.22729
43.588459,-119.053909
26.778028,-82.041061
28.667913,-82.116845
40.863328,-79.924443
45.983806,-112.517152
42.129933,-89.26148
44.037088,-92.640263
44.251175,-85.419953
30.876065,-84.204737
32.680886,-115.493918
34.496892,-84.936553
40.023431,-79.89826
38.582774,-122.583825
47.241358,-88.449228
34.22539,-119.037376
35.558909,-121.090462
38.559952,-76.066543
45.561011,-93.220892
40.004374,-81.580224
33.585707,-92.856741
44.208087,-69.076502
34.223534,-80.684964
38.004673,-92.775267
39.743908,-94.237341
30.858984,-96.976909
31.227906,-84.207175
37.352554,-85.346495
34.606694,-111.887004
42.89908,-74.567869
42.871921,-77.286733
43.076486,-75.741235
45.268531,-122.686316
38.441886,-105.220899
40.562606,-90.033003
32.538539,-90.128065
44.596942,-75.167841
35.53074,-82.846398
40.844054,-81.42373
34.993015,-101.923302
29.864483,-98.277394
26.607991,-81.853564
37.337865,-89.58556
39.400993,-107.220099
37.743258,-89.256334
39.279489,-89.880348
32.40079,-104.241012
38.086462,-88.17157
43.495467,-83.390196
28.525366,-99.85476
42.068219,-94.865401
33.5888,-85.063237
38.679621,-85.165764
39.15537,-119.754
34.202636,-84.817404
37.166055,-94.32025
43.982927,-75.617382
32.157382,-94.344165
36.184098,-89.665647
32.901888,-111.738048
42.839148,-106.336707
39.39969,-104.865046
36.77401,-121.734989
42.212825,-73.869612
37.702494,-113.071088
41.989546,-91.666429
34.016565,-85.249558
40.553346,-84.557344
31.790405,-94.175234
40.729839,-92.872033
37.292742,-87.123554
38.526066,-89.129354
46.727959,-122.980673
42.827686,-103.00432
39.942614,-77.631496
40.106338,-88.247566
37.674203,-95.462214
34.148431,-81.33806
41.579289,-81.20906
43.062058,-92.671271
39.484983,-88.176072
38.355031,-81.665738
32.915567,-80.023707
38.445253,-85.665576
41.383205,-71.623481
45.319086,-85.252013
42.581265,-84.80822
35.227536,-80.806559
18.346938,-64.920781
38.046619,-78.473218
34.77473,-84.793341
35.051719,-85.20525
45.650289,-84.486032
47.859489,-120.052972
42.311392,-84.019416
47.491132,-117.582017
34.697894,-79.913969
42.751561,-95.551165
35.385313,-81.37485
38.708037,-76.561584
37.916573,-89.815476
41.362707,-74.278079
34.711291,-81.2075
39.216279,-76.064733
41.139752,-104.800984
41.83041,-87.908669
35.033206,-97.94895
39.755529,-121.840979
34.426735,-100.212909
39.796077,-93.550625
39.346103,-83.004712
37.928393,-75.3698
34.766794,-112.467831
47.491774,-92.886258
43.051133,-75.882413
37.112528,-120.246784
17.729929,-64.759865
18.363865,-66.464689
34.272925,-114.132176
39.1808,-84.460584
39.605129,-82.937356
32.840635,-86.626172
43.372083,-72.349186
36.281468,-95.635473
40.738013,-95.038909
41.191124,-79.379227
39.268646,-80.334949
34.200292,-90.5738
35.46818,-93.46929
36.576674,-87.345509
39.380073,-97.12396
44.252919,-76.04411
35.630165,-78.372738
41.017514,-78.438359
38.953939,-122.634103
43.140539,-93.381039
38.97643,-122.741462
32.348358,-97.407671
47.203671,-120.959209
33.742266,-90.725248
41.445919,-81.601542
35.172224,-84.860494
30.344194,-95.080493
26.7454,-80.930874
37.81442,-79.817825
42.972959,-77.230209
40.148895,-88.963084
39.665195,-87.408832
41.843215,-90.211242
38.369825,-93.76656
40.634337,-74.895866
35.004757,-78.3289
35.506291,-98.976762
34.463144,-81.877282
44.624152,-88.760202
46.704086,-92.434241
35.108517,-81.221617
38.80235,-123.016554
34.412949,-103.200891
41.303585,-82.979425
41.279088,-88.221819
36.146333,-120.355187
18.062787,-66.378968
42.675387,-74.492367
32.390237,-83.346609
44.524696,-109.050212
47.764472,-116.794297
37.033969,-95.628824
39.386925,-101.047313
41.571299,-72.339558
45.452442,-94.419274
39.678143,-119.976003
41.938889,-85.006418
31.825408,-99.425808
30.623812,-96.334205
42.47001,-78.933977
36.367205,-95.845152
38.257667,-76.971638
32.397109,-100.860451
38.872952,-104.770643
37.101967,-85.299243
31.255252,-89.819681
38.943303,-92.329522
34.027752,-81.08818
35.605029,-87.080518
41.158291,-85.477519
48.374919,-114.190919
40.889943,-80.702721
32.489714,-84.974032
39.239026,-85.922884
33.515209,-88.402626
41.435991,-97.342792
40.020469,-82.970803
43.343754,-89.028269
39.200523,-122.008272
48.544754,-117.898377
34.218313,-83.464338
33.244147,-95.901586
37.889913,-122.034764
43.264226,-71.581064
35.470793,-80.596786
39.565156,-97.655455
42.802756,-77.700919
41.938956,-80.587327
41.620949,-80.2964
46.66276,-118.862263
40.087289,-79.568722
39.65511,-85.136364
35.068797,-92.447413
44.035719,-71.117232
36.164149,-85.510318
41.136177,-75.399832
32.977854,-111.527291
43.381129,-124.242771
17.97768,-66.220724
43.176394,-124.184232
36.085557,-119.562105
31.965338,-83.773823
34.930271,-88.512112
43.240864,-73.83371
34.529832,-83.536151
39.924565,-122.185733
42.16986,-77.12003
31.944623,-110.77761
27.749359,-97.417229
41.926474,-79.628929
32.089989,-96.470025
37.35292,-108.573847
42.600283,-76.191401
44.567815,-123.292341
38.224839,-86.131514
40.263665,-81.85002
43.790043,-123.055552
34.729118,-112.016803
35.569225,-89.647845
37.780677,-79.983041
42.353344,-73.820934
40.517095,-107.557206
40.041143,-86.903643
30.189998,-84.355266
36.124252,-78.702111
41.78645,-124.201626
40.467534,-78.576693
40.784932,-82.740578
34.250962,-117.228384
41.059112,-94.36358
30.767535,-86.560304
43.92394,-123.014252
40.624767,-96.956078
37.986601,-75.845759
31.313523,-95.453712
47.776408,-96.606622
33.140109,-91.956963
35.936478,-85.038234
30.213804,-92.376695
38.065114,-78.697295
18.32577,-64.777578
28.688755,-99.826764
28.895754,-82.586197
31.984777,-90.356084
29.0928,-97.285992
34.16882,-86.842334
35.320004,-83.19196
38.472101,-78.001689
39.643168,-78.806255
35.961002,-96.757194
38.38556,-84.295239
28.353423,-82.207452
34.540307,-83.978387
36.059498,-102.513642
44.922399,-123.311383
32.810975,-96.972981
34.779018,-84.975143
41.449654,-73.423258
42.563946,-77.703175
40.130703,-87.62932
37.629284,-84.77827
36.598752,-79.41411
40.962405,-76.600958
41.523198,-90.51448
38.550686,-121.735394
39.732177,-84.176024
35.489922,-85.020211
30.042912,-94.894291
29.27457,-81.086166
39.303689,-119.527558
39.254137,-119.561571
34.587541,-87.007257
39.844714,-88.934605
40.831679,-84.928689
33.228369,-97.59167
43.30391,-91.782758
13.504776,144.82927
41.285146,-84.35937
30.733743,-86.130341
41.948874,-88.723629
35.766201,-119.243036
45.037644,-93.787948
42.616512,-88.639722
37.428666,-120.779779
40.844657,-84.336129
29.370854,-100.876596
38.745424,-108.061934
28.989805,-81.259659
32.259968,-107.74299
32.505005,-87.831898
42.019313,-95.350061
38.879421,-75.824452
33.194971,-97.121054
33.107475,-97.235558
39.732149,-104.959388
34.045369,-94.344746
30.86032,-93.301199
33.947753,-116.492531
41.620998,-93.665233
38.137337,-90.553847
42.486581,-83.22742
46.782961,-95.842545
48.112591,-98.871116
41.820728,-90.539337
42.33548,-83.88877
36.792688,-89.973792
30.394333,-89.365506
46.892651,-102.788149
36.060236,-87.364102
45.226238,-112.632487
34.425884,-79.362661
37.905173,-121.606277
38.449389,-121.829238
41.841414,-89.480978
37.75868,-100.014881
42.965206,-90.130736
30.1091,-90.892665
36.975468,-120.633497
31.22612,-85.425301
31.351555,-109.542755
31.507796,-82.857974
42.653231,-86.196877
42.75634,-105.385329
39.146316,-75.548114
43.258739,-70.918667
41.983186,-86.108771
32.541185,-82.918763
41.121167,-78.765056
42.503272,-90.699886
46.766514,-92.127793
33.884012,-91.486732
35.864892,-101.965339
34.509608,-97.962631
41.961787,-83.661262
42.463071,-79.329028
35.317576,-78.63644
38.004412,-89.234301
42.919639,-83.991875
37.287672,-107.867815
33.992468,-96.398015
43.139235,-70.929903
35.966985,-78.937688
47.737651,-121.964424
36.045663,-89.383225
39.645064,-106.822397
40.309634,-112.011228
28.700079,-100.474047
35.883774,-119.270251
42.77019,-78.615811
40.981411,-72.193604
40.644972,-80.578858
32.193868,-83.177877
38.770845,-76.070571
40.841613,-80.539724
41.010818,-75.234842
44.273921,-83.508635
42.79552,-88.398528
40.527435,-104.716851
39.749911,-84.635486
42.51142,-84.654426
44.8496,-91.459913
40.478698,-78.741113
36.504197,-79.748256
36.071606,-76.617043
42.838856,-89.055991
41.883992,-80.123253
28.974286,-96.650544
39.639076,-106.553834
39.125966,-88.531694
34.108838,-82.866255
41.887557,-88.459839
29.198508,-96.276623
32.802839,-115.560322
39.398706,-76.941698
38.350238,-92.57687
33.211502,-92.663028
37.819351,-96.866248
30.351259,-97.38511
36.298233,-76.226397
37.873754,-85.949265
35.408502,-99.407818
41.662338,-85.924496
42.687332,-88.543002
38.935799,-79.855896
40.839773,-115.766306
38.402154,-78.617496
47.001086,-120.538461
41.725976,-74.386724
34.673133,-84.522596
40.852954,-80.280735
42.086405,-76.82518
31.786147,-106.389782
35.444573,-120.624475
35.520858,-97.956489
26.299313,-97.980961
40.272468,-85.837712
39.247316,-114.87507
43.875885,-116.496474
38.409579,-96.194519
36.69725,-77.544739
36.39856,-97.893218
32.328189,-96.631752
31.329219,-85.829648
39.357786,-111.582362
47.314246,-119.553286
42.088867,-80.112692
36.143997,-82.408735
37.792578,-120.99566
45.733032,-87.084194
36.012017,-106.047154
45.297043,-122.328629
40.359149,-105.529617
43.403532,-94.832892
35.338883,-84.528244
38.932378,-95.096848
31.887533,-85.14468
44.069521,-123.085685
30.493373,-92.418098
40.775465,-124.166342
40.713988,-89.274949
38.491444,-90.643009
41.260088,-110.963739
38.007208,-87.526177
42.778401,-89.298617
39.645594,-105.336295
39.346037,-94.238117
36.294749,-119.148247
42.985696,-70.926615
31.505333,-106.154028
64.85531,-147.756344
40.144738,-97.176504
38.26206,-122.032386
38.380391,-88.369938
41.005895,-91.967453
36.009502,-84.885711
30.620911,-87.904485
43.645881,-94.456578
39.464498,-80.158601
18.33623,-65.656006
38.963609,-104.605093
27.224195,-98.147155
33.353657,-117.225141
39.487723,-118.792263
40.062208,-95.599013
46.858555,-96.826798
44.297461,-93.278929
37.853921,-90.51246
36.747223,-108.162366
35.594653,-77.591416
37.286016,-78.39096
35.052628,-78.97684
35.111264,-86.571838
36.262667,-94.184323
42.796909,-83.751639
46.288649,-96.077117
30.603798,-81.503426
39.602952,-119.23564
31.626058,-91.559291
34.401164,-118.918568
41.049732,-83.639702
36.851884,-120.451701
40.64789,-73.147956
40.139574,-104.959813
31.715424,-83.260472
35.201579,-111.618444
40.505613,-74.848872
43.012172,-83.68054
38.670794,-88.480512
34.815178,-87.67165
33.031778,-111.386874
44.005913,-124.111493
34.204283,-79.809012
33.061888,-111.468282
29.14131,-98.156623
30.337676,-87.692771
43.779876,-88.445312
42.567167,-88.547583
35.338887,-81.897738
45.273307,-92.96984
32.747542,-96.43847
35.013019,-90.785726
33.03924,-83.947879
36.710406,-93.175258
42.918337,-88.843686
39.421205,-123.795643
40.563092,-105.111884
42.50959,-94.18209
35.258999,-116.686841
37.756908,-92.126985
40.083141,-104.804927
40.62894,-91.344033
27.750056,-81.795337
40.250463,-103.794183
34.451415,-85.719746
31.055871,-93.226486
31.308064,-85.711351
37.826083,-94.702741
35.376008,-94.362206
30.894435,-102.886612
40.587321,-124.145121
32.552211,-83.891307
41.097619,-85.147434
41.164226,-83.410851
28.235393,-81.677538
43.332753,-83.737571
40.280355,-86.525564
38.188228,-84.859577
44.63761,-86.227759
36.725708,-86.575604
29.797187,-91.505105
43.443804,-71.647589
35.177893,-83.380771
41.39412,-79.833473
36.682427,-76.933958
39.9253,-105.788415
39.406328,-77.363357
30.27382,-98.869249
38.284434,-77.497396
37.55872,-90.294904
43.531539,-84.102263
41.017365,-75.902799
48.008787,-122.543177
42.290173,-89.634888
43.465758,-85.951597
41.442028,-96.497273
41.348235,-83.117703
36.789045,-119.769
48.523964,-122.99517
39.57871,-106.093771
38.917107,-78.17676
27.732956,-81.558996
36.504438,-88.879996
38.850805,-91.952188
43.307089,-76.397503
33.985171,-86.027569
35.076849,-81.65191
29.656213,-82.387728
34.233735,-83.86262
33.63744,-97.138935
36.66564,-80.914308
40.944688,-90.359115
40.734572,-82.790333
29.489474,-90.330724
35.521563,-108.738776
38.265752,-121.307562
29.364635,-94.997589
15.146895,145.714895
37.975023,-100.853359
38.930888,-119.723951
35.258509,-81.130167
31.438289,-97.723184
44.987582,-84.685732
41.450356,-90.154315
42.798943,-77.805341
42.830821,-76.984254
41.803081,-80.935585
42.092376,-88.698435
38.688833,-75.38365
38.213422,-84.550322
33.370457,-79.299928
39.627735,-84.368267
39.831233,-77.225628
39.131514,-89.817897
44.275187,-105.496025
32.730252,-94.946968
37.087699,-121.613669
37.002522,-85.922295
44.769566,-94.151027
47.095795,-104.756107
43.342244,-73.660113
41.046788,-95.744376
45.65448,-95.408415
39.54376,-107.334895
33.390888,-110.813884
43.053464,-74.325471
33.363274,-111.452188
35.379867,-77.983021
36.509642,-121.439172
29.511832,-97.443827
39.344569,-101.715
33.340716,-112.443851
35.849325,-79.040268
39.337188,-80.031236
43.336112,-87.94857
33.100881,-98.577806
32.414489,-97.780002
47.914616,-97.066567
40.924841,-98.356972
39.089062,-108.567452
40.233516,-105.856083
42.942436,-85.659628
47.224546,-93.532395
46.256917,-119.910338
48.080961,-121.969962
35.162054,-107.854552
42.438921,-123.311208
40.589734,-112.450802
39.192381,-121.057646
38.333895,-82.935811
38.365901,-98.778957
47.502447,-111.282523
40.407553,-104.730887
44.50246,-88.039886
39.641841,-86.846339
39.124023,-84.861101
36.163908,-82.819666
36.32261,-121.245177
42.608294,-72.561715
39.350303,-83.390716
41.519548,-109.468996
36.080222,-79.833937
39.34888,-85.501758
31.866988,-110.990056
31.834026,-86.627146
38.887645,-89.402676
37.216897,-87.172015
43.180285,-85.264773
33.398811,-91.041757
35.577899,-77.36578
40.104708,-84.62145
41.397006,-80.389358
34.863762,-82.397044
33.112637,-96.102347
35.217094,-94.261301
33.515505,-90.175915
34.200701,-82.169918
33.765356,-89.808409
39.359231,-121.698567
33.244647,-84.274797
41.74279,-92.724935
40.657128,-86.145425
36.58898,-94.7867
41.152357,-80.085363
34.964929,-120.573127
17.965471,-66.939216
17.991631,-66.051477
30.405084,-89.042203
32.272461,-96.114677
38.54055,-106.9385
37.253699,-121.003968
35.872228,-97.419973
36.689903,-101.475838
39.640476,-106.946081
39.685014,-77.726496
43.502129,-114.290412
37.460503,-122.44367
41.197847,-74.48458
46.23891,-114.15407
30.484827,-90.476454
39.637221,-74.793248
42.094122,-88.517971
34.412168,-77.606311
39.627344,-76.860088
36.331388,-119.659017
39.709099,-91.389416
39.80299,-76.989774
41.650583,-95.326029
36.855334,-83.344548
26.184437,-97.716275
35.919399,-84.537943
38.922467,-75.56445
37.73503,-88.547426
40.246448,-76.877022
43.431651,-96.705555
36.245126,-93.119068
39.256312,-84.784563
38.419421,-78.886787
38.648541,-94.350536
37.76662,-84.850115
41.770271,-72.70287
43.320292,-88.378037
40.453228,-85.371784
34.43215,-86.936707
34.372805,-80.088219
34.354557,-82.929568
42.422279,-88.612287
42.653897,-85.296362
44.726821,-92.860766
40.593945,-98.384133
31.318002,-89.345604
34.897783,-76.89844
48.546196,-109.680886
44.01635,-84.795707
38.8791,-99.319529
37.264522,-83.201719
31.864618,-82.604187
40.965395,-75.999034
32.67216,-96.455762
40.508328,-111.426055
34.40944,-110.560453
35.500847,-92.048889
46.606898,-112.046836
34.541974,-90.63339
33.754403,-116.961386
30.094985,-96.075641
37.836666,-87.580104
36.315611,-78.402245
35.446277,-88.651325
32.158691,-94.805108
35.446763,-95.980541
34.823555,-102.398037
45.852422,-119.27773
47.410656,-92.933784
35.754921,-81.421074
33.229646,-117.104334
44.42823,-84.709716
39.07455,-93.724928
38.748532,-89.675786
35.941676,-80.014817
39.153564,-89.484766
39.20848,-83.613298
32.014523,-97.112823
36.06931,-79.092399
41.927778,-84.620695
19.707288,-155.084022
43.290427,-77.803124
31.82911,-81.622761
32.729089,-103.160588
33.932149,-78.283954
35.083304,-96.394766
40.442498,-99.375743
42.800365,-86.101547
36.849925,-121.391074
42.796919,-83.623611
34.769416,-89.444678
38.637866,-92.125387
32.813781,-115.378319
29.34866,-99.143456
41.562555,-75.248114
21.358753,-157.934894
45.711784,-121.517389
40.465118,-87.671726
33.665463,-93.591694
36.850909,-87.488212
42.34733,-77.668776
30.248757,-97.578657
37.158992,-85.929315
30.545379,-98.373833
34.476076,-93.079133
34.655229,-92.951495
47.119388,-88.577222
44.300623,-84.691613
46.123633,-67.840818
29.676994,-90.749497
29.773021,-95.400395
42.258478,-73.761574
44.967676,-92.739174
34.007431,-95.508245
42.727164,-94.223327
35.827716,-88.90801
38.301042,-86.958245
40.500383,-78.014249
40.884572,-85.496722
38.449032,-82.363352
34.740944,-86.66154
30.714805,-95.546641
34.658413,-86.480718
36.203112,-120.096834
44.361451,-98.219524
37.181219,-113.316908
38.064198,-97.911897
44.887301,-94.376839
33.89082,-94.826635
43.494388,-112.005613
43.007715,-75.050401
26.426505,-81.418684
39.258394,-119.956887
42.464889,-91.898269
37.232118,-95.717779
40.603104,-79.162699
39.815038,-86.144068
38.594528,-77.164112
41.36374,-93.565439
33.446193,-90.648584
27.024015,-80.473189
33.748469,-116.346592
35.047636,-82.095796
48.591808,-93.384879
37.927986,-95.394994
38.354632,-120.942949
42.978662,-85.073188
41.682832,-91.570692
42.517099,-93.265924
33.956997,-98.67436
42.682881,-70.837093
45.807622,-88.04126
46.452788,-90.175211
37.689438,-83.950292
45.490324,-93.248844
46.497317,-87.663453
42.458874,-76.492416
38.354224,-120.770204
33.290355,-83.958221
42.240704,-84.403293
32.327687,-90.156706
39.04574,-82.636338
35.661914,-88.822844
43.324403,-88.164104
43.472345,-110.773154
30.251861,-81.633677
39.726327,-90.237121
34.752668,-77.41241
31.96123,-95.2613
42.111393,-79.214085
46.911242,-98.702103
42.692249,-89.005536
33.850876,-87.263137
34.468578,-84.444241
38.395217,-86.940747
30.919495,-93.998774
18.206145,-66.601287
29.917617,-91.674975
34.112566,-83.597069
43.007784,-88.809027
38.569086,-92.224808
30.230166,-92.653804
42.72049,-114.519344
41.183866,-77.319591
39.118934,-90.330834
31.608399,-81.898804
41.612504,-71.972201
36.336794,-82.345984
39.038658,-119.733912
40.338994,-104.953188
40.151028,-82.684606
40.299139,-78.896655
35.822904,-90.686427
32.250358,-92.712131
37.101212,-94.499217
44.66463,-93.640222
34.129584,-116.321537
18.082762,-66.508294
39.053304,-96.823133
44.210977,-123.206723
58.358308,-134.530103
20.886471,-156.489731
19.655247,-155.986113
21.405305,-157.773911
42.247399,-85.5924
48.218111,-114.300944
41.134566,-87.86763
39.041244,-94.606359
22.073679,-159.36172
30.00541,-92.283788
44.038268,-92.752018
32.57974,-96.305399
39.362302,-94.364834
40.710145,-99.068452
42.938912,-72.288129
21.962314,-159.674738
60.569231,-151.27057
41.443338,-85.260078
36.240223,-90.047221
46.232234,-119.196669
42.571139,-87.873503
40.64613,-83.605747
40.406274,-91.388266
36.726304,-120.062102
31.853383,-103.093068
30.06006,-99.147409
55.37759,-131.778389
43.674529,-114.371254
41.242846,-89.923395
25.117221,-80.434662
39.41334,-79.012871
29.788368,-82.031759
24.564919,-81.770574
20.730416,-156.446778
32.402407,-94.879371
36.103289,-75.7173
31.095176,-97.758838
36.634163,-93.433269
36.212981,-121.127365
35.226012,-114.015501
36.522743,-119.55938
30.660492,-98.450567
30.783184,-81.614801
35.237307,-81.359828
36.519894,-82.54464
41.983714,-73.994901
33.683896,-79.82191
27.5088,-97.852097
46.254685,-84.46348
35.290648,-77.600044
40.199171,-92.577553
36.743447,-108.345783
41.334925,-74.170496
28.30727,-81.370801
40.802597,-79.522904
42.202399,-121.755991
41.318251,-93.106078
35.938207,-84.034959
57.810102,-152.37205
40.467108,-86.138253
33.058633,-89.584563
33.259094,-97.219087
43.501064,-116.416899
40.509796,-75.774612
26.757166,-81.434756
43.542236,-71.443613
43.862602,-91.239419
34.706044,-85.282935
40.417745,-86.880127
30.19045,-92.033057
36.529527,-86.031603
40.007925,-105.087215
36.358932,-84.123774
30.446652,-97.998258
45.32891,-118.080401
33.036728,-85.041845
38.374888,-85.407807
29.911713,-96.875686
20.892282,-156.682859
21.600689,-157.898057
37.982442,-103.54071
29.167096,-81.862322
30.213207,-93.251535
30.178163,-82.654466
44.443755,-92.271773
33.867181,-79.759965
30.427141,-95.57647
30.379264,-95.62988
43.603698,-89.789258
42.640041,-79.05591
42.596135,-88.436513
34.494637,-114.317407
41.617679,-88.673164
35.609967,-118.479551
29.011333,-95.402322
28.040815,-81.967106
43.078325,-88.90443
41.016829,-74.653915
37.915244,-78.322604
39.038746,-121.061341
38.345334,-77.762583
27.262375,-81.341059
44.281179,-73.982879
41.58794,-72.506076
39.059898,-122.915795
35.965089,-78.199599
41.415466,-87.231281
38.086667,-102.618362
40.363644,-74.971958
32.735634,-101.958524
35.25625,-118.91813
31.066547,-98.183877
39.735174,-82.605
40.09589,-76.312135
34.702315,-80.773224
42.832918,-108.733529
35.171535,-82.181116
42.721191,-84.540265
43.04932,-83.323395
38.543467,-76.96979
41.306889,-105.597813
27.538442,-99.47695
18.319109,-66.864208
38.18318,-99.101771
32.336423,-106.764238
35.605919,-105.227626
36.134165,-115.159181
35.13635,-114.624166
31.687298,-89.15431
45.67786,-108.759685
34.499489,-82.015803
34.762138,-79.477378
38.959551,-95.265468
38.048915,-84.903028
35.246787,-87.328666
38.724082,-87.689984
34.619667,-98.425135
44.355301,-103.769418
39.251295,-106.300004
39.297504,-94.920244
40.050347,-86.474194
37.565971,-85.255996
37.669549,-92.660851
43.662151,-72.274991
44.525755,-122.902499
40.343807,-76.400594
36.201613,-86.333893
42.358257,-73.281685
28.793147,-81.894709
38.89798,-94.384348
31.139911,-93.26874
40.829443,-75.6899
39.906926,-74.70695
37.484412,-86.283385
42.783991,-96.171185
36.29743,-119.788959
36.254324,-119.909778
42.555827,-71.82478
38.292428,-76.644181
42.975934,-77.98203
33.582648,-102.366433
38.728714,-75.168507
35.450431,-86.790852
37.793991,-80.444234
46.389205,-117.027315
44.078705,-70.19548
47.063523,-109.435634
40.62745,-77.581037
40.779618,-99.74495
35.657522,-88.392274
37.792133,-79.430972
38.026279,-84.496408
38.304242,-76.488086
48.388601,-115.560777
37.046113,-100.926755
41.796707,-74.753378
30.071772,-94.784627
21.975808,-159.35893
40.734696,-84.128399
40.150707,-89.373773
40.808955,-96.678944
44.060465,-71.671045
44.84928,-124.046602
44.977799,-124.001419
35.481299,-81.229294
32.465695,-95.410169
36.208231,-119.088949
45.410209,-92.832621
39.037399,-87.163593
39.173509,-89.6585
45.126832,-94.522409
33.454824,-79.131685
45.9798,-94.359148
43.045575,-74.857516
33.916724,-102.333932
34.756962,-92.326276
39.74507,-77.083323
39.274853,-121.663541
30.292525,-82.988445
37.690335,-121.829039
37.384386,-120.722665
45.657039,-110.566586
30.714335,-94.936924
29.870717,-97.678582
41.126685,-77.45454
43.149859,-78.683852
38.139895,-121.279286
39.53658,-82.403316
41.728738,-111.833766
37.849146,-81.993663
40.753735,-86.352138
18.422327,-65.848987
34.666153,-120.466341
39.898443,-83.440688
37.133373,-84.119167
46.342214,-124.051605
40.16821,-105.107689
38.635815,-75.169593
32.506079,-94.759257
46.154832,-122.935587
41.41584,-82.146654
35.892535,-106.300043
33.984996,-118.122395
37.062273,-120.844078
34.76728,-106.71537
35.317751,-120.837103
38.110053,-82.603837
38.222617,-85.687344
32.94652,-103.353902
41.295097,-87.41862
42.938178,-85.366016
33.557478,-101.895339
43.974531,-86.424464
31.330789,-94.73227
29.680784,-97.646072
34.637658,-79.014543
38.66508,-78.449496
43.654813,-96.212001
37.389999,-79.20133
48.94992,-122.454803
34.922458,-95.749725
26.237719,-98.183287
44.912845,-116.095714
30.280498,-82.13553
31.252876,-90.456106
40.204598,-100.620718
35.676638,-119.231185
31.437008,-97.406825
42.390105,-88.345338
36.136493,-88.513551
40.950513,-124.105032
33.190397,-96.785991
45.21433,-123.174881
35.685168,-85.783834
40.460197,-90.6757
32.844701,-83.676551
39.739902,-92.469092
38.368813,-97.662389
36.973385,-120.068622
33.590819,-83.468926
38.774167,-85.38841
44.007903,-97.111317
43.041969,-89.492208
37.331707,-87.497411
35.516073,-84.361039
44.632563,-121.129586
39.832719,-121.603663
33.273939,-93.229828
40.811981,-76.144468
40.195454,-88.387947
44.852239,-74.291901
34.368497,-92.810084
37.636867,-118.97912
42.489484,-91.458578
42.992156,-71.474376
35.469229,-86.072132
30.433677,-90.107066
41.429576,-87.990762
39.184723,-96.604163
44.228277,-86.30644
44.112481,-87.654651
44.172275,-93.997161
33.693283,-80.218242
30.357963,-97.527207
32.032663,-93.703022
40.759245,-82.527334
37.799839,-121.229936
41.24814,-87.835008
35.924169,-75.70323
42.06025,-90.667403
32.44643,-111.213686
24.721293,-81.054638
30.573249,-98.278664
42.249157,-88.605417
30.778072,-85.235756
33.059434,-112.014535
39.416913,-81.43927
45.095692,-87.649854
40.540166,-85.662785
35.681507,-82.014442
40.586453,-83.119332
34.178281,-79.390336
36.842091,-81.501961
37.755474,-88.997906
29.003751,-82.196202
31.108904,-92.059012
31.308041,-96.890922
46.532076,-87.404505
41.334759,-88.70448
42.278549,-84.961378
44.448224,-95.788518
39.113875,-93.199059
32.537314,-94.359182
42.03276,-92.9168
37.340871,-92.908921
44.663306,-90.166586
36.3406,-88.858218
39.424497,-86.422466
36.688852,-79.889562
40.232732,-83.365056
48.050099,-122.134593
40.342581,-94.873662
38.498077,-89.804384
43.152258,-93.200648
44.933749,-74.886114
28.102217,-97.831057
42.226429,-85.790089
39.477837,-88.367702
34.766652,-82.255938
18.192264,-67.113824
36.74102,-88.643001
36.393981,-79.975984
38.646944,-83.780986
40.067751,-76.571305
43.496988,-88.546481
41.642941,-80.154693
33.575023,-116.071512
42.92083,-73.684675
42.331637,-122.84409
45.137412,-90.347979
43.218236,-78.389959
41.127119,-81.842637
33.331261,-96.561922
35.084143,-89.915288
34.586683,-94.247662
36.745374,-120.391753
41.551222,-89.116251
44.887224,-91.909055
37.301766,-120.46947
43.6527,-71.4965
32.383907,-88.703756
45.178569,-89.702511
36.815113,-114.084185
37.157888,-88.728696
31.678286,-96.478695
39.167392,-91.886914
26.196181,-80.230395
36.890865,-94.87594
41.711237,-86.832139
44.011384,-73.163376
38.974903,-81.936631
36.619993,-83.731847
43.710033,-116.609895
39.496926,-75.65587
41.440598,-74.387442
39.482219,-84.364064
43.628847,-84.232535
31.997137,-102.106821
32.452613,-96.989267
42.084889,-83.678251
35.913173,-88.759662
46.405823,-105.838944
38.907579,-75.425805
33.082986,-83.237554
40.540803,-76.951693
35.337638,-89.88389
45.652825,-68.698553
38.576801,-75.280902
44.631984,-73.13033
45.947511,-118.390778
41.022368,-76.876288
43.051223,-88.085101
32.603437,-93.297383
32.672727,-95.490657
32.805692,-98.098353
44.974458,-93.283077
48.233606,-101.278541
40.417632,-84.376679
33.566169,-117.665161
46.879863,-114.03166
43.719201,-98.03186
38.553993,-109.527052
39.421203,-92.435033
30.671566,-88.1592
35.899716,-80.561095
37.65459,-120.97713
45.149602,-122.583384
31.57896,-102.899827
40.16725,-79.889374
36.921075,-93.921451
40.912476,-90.644833
44.853608,-123.209035
33.796441,-83.715878
32.521516,-92.116599
41.931053,-83.38457
47.866768,-121.964514
42.600061,-89.644485
31.515515,-87.324893
41.047256,-71.945299
29.820542,-94.830514
46.96927,-123.684259
33.097293,-86.866315
44.9512,-95.714501
32.391958,-86.285756
33.627185,-91.79357
40.034809,-88.573667
40.760939,-86.761772
36.843623,-84.848878
45.294103,-93.786294
41.653211,-74.676648
38.480934,-107.876079
45.075985,-93.920019
38.184722,-83.452592
34.72909,-76.862201
29.690392,-91.216192
39.641226,-79.926412
35.159659,-92.741054
41.370401,-88.428801
45.585289,-95.907787
36.207781,-83.330276
35.388054,-120.859066
46.731741,-116.997162
47.141347,-119.292035
31.177346,-83.777392
39.930535,-80.739963
37.134177,-92.263756
36.337569,-92.387529
43.138398,-115.694083
39.408451,-79.388239
41.136931,-75.904498
36.511634,-80.612663
38.419434,-87.771077
43.007263,-89.730771
40.965573,-91.546215
43.594478,-84.760054
33.167205,-94.976338
28.807717,-81.531482
41.318052,-122.322955
38.064869,-83.931831
38.315355,-88.916107
37.92993,-87.901287
41.92467,-91.40913
40.390376,-82.47355
48.461058,-122.318653
38.041187,-85.570293
42.870297,-88.353371
34.228655,-102.73339
34.202786,-79.259528
40.198112,-85.407244
41.206167,-76.782031
34.942207,-111.641056
35.8437,-86.406582
36.609697,-88.325908
41.420129,-91.06984
43.158419,-86.208213
35.746812,-95.35616
33.767184,-78.853322
39.590491,-74.349083
31.608284,-94.653299
43.603365,-116.596959
41.266043,-70.102431
38.309526,-122.291708
41.395094,-84.12609
41.445041,-85.998069
42.828085,-71.500545
31.206031,-83.244602
36.125909,-86.691169
31.557676,-91.404904
31.754426,-93.083408
30.433463,-86.657337
30.381824,-96.086477
40.675083,-95.862225
34.845219,-114.608928
39.460172,-82.221368
36.847286,-94.383367
39.709456,-111.831267
42.015954,-93.452624
37.837606,-94.354685
34.492286,-89.02172
43.047674,-77.066358
40.021637,-82.449886
41.66492,-70.937674
45.299099,-122.978146
35.092723,-77.071822
34.28473,-81.614841
33.45812,-94.416267
29.692064,-98.112474
39.942322,-84.029874
39.576088,-107.534276
39.915011,-85.369608
41.008338,-80.350802
39.759232,-76.672942
41.320655,-72.878698
29.990225,-91.821824
39.716689,-82.209103
44.38873,-88.74194
37.315353,-121.020811
39.645615,-80.863942
29.960366,-90.163994
41.75291,-74.076998
40.489223,-81.440501
35.616392,-91.259253
44.63356,-124.058733
35.955244,-83.197742
44.545422,-93.574009
45.113763,-92.535619
30.685535,-91.457789
36.446806,-83.59217
41.700296,-93.048154
38.042178,-97.350486
41.041679,-74.733761
41.189135,-80.963809
44.312697,-94.467474
40.712152,-73.950184
39.121766,-122.846092
37.895389,-84.564974
35.020688,-120.499952
31.356084,-110.949077
42.034495,-97.418356
35.212674,-97.441856
42.707362,-73.115149
47.476506,-121.761296
45.498551,-92.990762
42.21769,-79.832703
44.447145,-93.170301
41.006727,-85.772595
41.135271,-100.788952
39.006279,-85.630521
43.83289,-70.433458
41.253042,-82.609101
42.534568,-75.518822
41.411386,-72.098088
37.77015,-120.833696
30.816549,-92.658753
48.295597,-122.66915
33.905869,-78.048656
35.224771,-89.514781
41.017742,-74.512443
41.292843,-82.216132
29.160658,-82.136378
46.480716,-124.047239
38.378367,-75.163171
46.973991,-124.15427
38.549292,-75.099939
38.9971,-93.960424
31.87216,-102.384825
42.665177,-91.912881
41.131449,-101.719425
41.123076,-111.974898
44.697888,-75.470291
41.425952,-79.698815
27.226546,-80.821986
35.496869,-97.535571
35.625239,-95.963064
42.083943,-78.435119
38.729216,-88.085459
47.028466,-122.855387
41.232071,-96.035054
48.413462,-119.514296
43.083614,-75.637169
33.941039,-86.465732
42.451232,-75.070917
44.033379,-116.979098
30.531419,-92.082642
31.277952,-86.255483
30.08582,-93.784621
38.246469,-78.111026
33.502519,-80.862784
42.998017,-96.04697
36.622648,-119.317031
26.289909,-81.566782
42.92319,-89.387681
39.743633,-122.193792
28.576814,-81.420991
41.955551,-86.347972
36.544262,-119.293672
39.498046,-121.53898
40.848267,-81.776894
38.132046,-92.669926
35.69467,-89.970259
41.031588,-93.769466
44.454823,-83.348985
44.026084,-88.570195
41.293068,-92.647215
43.447298,-76.492817
46.818294,-119.17452
42.452108,-85.667145
41.349462,-88.840484
38.607545,-95.265489
41.022763,-84.04284
41.022879,-92.414544
44.088475,-93.228205
42.108095,-76.25992
37.756016,-87.110782
42.997022,-84.163786
34.364547,-89.532158
36.309593,-78.583804
39.506376,-84.751071
39.773435,-75.999293
34.259135,-119.209065
31.433104,-85.648274
38.480926,-90.775553
37.050238,-88.630456
36.918418,-111.450083
37.269934,-107.076102
26.819689,-80.654917
36.189251,-116.004591
37.816697,-82.805284
29.641524,-81.667356
31.75178,-95.639982
28.187878,-80.673966
34.698826,-118.194632
43.057808,-77.235819
41.367292,-75.234033
35.545161,-100.96565
39.384477,-89.066035
30.228195,-85.893505
40.909669,-74.841815
38.576129,-94.871844
36.064222,-90.511864
39.614326,-87.692418
38.205544,-84.261463
36.292739,-88.308057
33.664167,-95.532712
40.678733,-111.506721
34.119687,-114.396337
39.267295,-81.560876
36.611421,-119.538104
37.341703,-95.269846
30.413702,-88.568926
37.470392,-121.143838
34.735393,-97.22738
42.231626,-85.891998
42.197073,-86.280475
40.457836,-88.094508
34.249143,-111.318993
40.035833,-111.731525
36.452846,-94.125942
28.899169,-99.099212
32.363402,-97.66522
31.409981,-103.510055
38.724513,-94.458228
41.407393,-92.917387
33.583285,-86.286121
34.675601,-79.190925
45.672449,-118.811053
40.386832,-75.491482
42.655133,-77.059197
30.484761,-87.264336
33.749367,-112.336669
40.695744,-89.584645
42.668177,-71.572938
30.106353,-83.579539
32.462179,-83.721986
41.840462,-94.099227
42.713487,-78.012093
36.295406,-97.289261
36.39205,-100.802614
37.726707,-89.869072
40.749133,-86.083776
41.337819,-89.131195
38.248514,-122.640938
45.377841,-84.945484
32.772735,-89.114085
39.987228,-75.288472
40.890642,-78.232557
33.4999,-111.963153
33.467962,-112.363933
30.526871,-89.67792
34.886962,-82.708181
44.374505,-100.332434
37.472849,-82.530201
34.232697,-92.048981
30.192572,-95.722454
35.182711,-79.432447
34.131839,-109.948027
40.151246,-84.243188
37.416775,-94.696984
40.45932,-79.960164
42.462385,-73.235379
38.712841,-120.812838
34.193295,-101.717795
39.344276,-94.771415
42.734968,-90.475086
44.688411,-73.469765
41.006236,-95.893088
38.799542,-94.261043
28.949111,-98.512674
39.003577,-121.550192
41.341807,-86.315882
43.758995,-71.689438
43.745772,-87.96964
36.267788,-90.976433
42.883271,-112.44467
28.113549,-81.456688
28.058034,-81.513908
38.863995,-82.135178
48.984669,-123.059496
17.970426,-67.196657
41.77067,-93.725271
47.690881,-114.125101
36.71776,-97.069658
18.018742,-66.626424
40.879875,-88.637399
39.143671,-77.411647
36.78687,-90.40576
40.374351,-78.665379
43.549565,-89.469806
34.183286,-103.337317
48.109514,-123.423387
29.93641,-93.970245
27.000795,-82.119823
36.071919,-119.029182
48.03381,-122.76307
42.872398,-82.483905
26.067065,-97.203729
41.382247,-74.703543
40.431116,-84.993052
43.624901,-70.331129
42.875658,-84.911434
45.515757,-122.646535
36.597486,-86.526621
28.618167,-96.63081
27.2619,-80.294092
43.0279,-70.845583
38.732482,-82.909792
48.120522,-122.786955
17.992259,-66.501214
35.084846,-94.623168
44.670831,-74.983463
40.69085,-76.207258
41.596693,-73.927065
44.755829,-108.758607
43.051168,-91.140278
43.283853,-89.7326
35.981401,-94.312265
37.647329,-98.731797
34.55138,-112.467632
34.557075,-112.26478
46.687027,-68.021097
37.710175,-82.771643
39.611082,-110.803325
38.203362,-75.693599
41.378305,-89.468257
38.354124,-87.574506
37.107383,-87.883831
45.568215,-93.590254
33.182182,-96.520768
22.219681,-159.481445
44.306894,-120.851188
46.209022,-119.767753
41.801631,-71.378
42.072856,-70.179068
40.30078,-111.749316
36.283717,-95.319338
38.265919,-104.596443
38.318908,-104.75702
20.88348,-156.31409
35.198952,-87.037226
37.080056,-80.722217
46.734444,-117.176283
40.944645,-78.973949
21.639526,-158.040708
35.012843,-97.357617
39.13892,-77.722611
41.792088,-71.906384
33.670703,-114.219807
30.580944,-84.580241
39.936613,-91.373138
47.238298,-119.851497
42.738183,-87.83284
37.132658,-80.560244
29.092377,-82.454174
35.778831,-78.679426
33.03557,-116.872321
38.144049,-120.845677
39.299861,-77.849829
40.297325,-88.158122
44.073345,-103.221984
47.803733,-116.884524
36.895465,-104.439362
42.542982,-73.810021
41.794415,-107.230492
43.033794,-71.167819
26.444897,-97.78555
30.237782,-92.262297
40.364436,-75.951377
40.180371,-122.230526
40.566076,-122.35499
44.264433,-121.18202
41.015126,-95.224654
44.555106,-92.545522
44.540757,-95.103551
36.59624,-119.443141
43.535403,-89.993304
43.703017,-124.109402
36.346784,-79.666926
39.529188,-119.795728
40.936388,-87.149786
37.11867,-93.468312
43.829234,-111.782395
45.644218,-89.419109
45.495325,-91.736456
38.758254,-112.090877
43.338687,-90.384701
37.084195,-81.794324
39.833046,-84.890904
37.769225,-84.311501
42.808277,-82.754935
39.272541,-93.971118
37.485386,-77.48408
35.625478,-117.676309
41.290933,-73.481284
45.809131,-122.710833
41.429462,-78.738099
39.543116,-107.777586
43.654491,-111.918783
32.291561,-81.220108
26.387806,-98.872672
33.733435,-111.67824
38.168229,-121.690387
35.746081,-89.534107
37.742007,-121.130373
43.844578,-88.838097
39.68932,-76.084508
44.859561,-92.622957
41.000841,-72.540048
33.988008,-117.382515
43.025719,-108.394972
37.29532,-79.963399
36.450942,-77.656395
40.29804,-78.445447
30.541723,-87.703946
39.004515,-87.733389
27.788465,-97.669129
41.919781,-89.067516
41.059659,-86.201162
44.015956,-92.475536
43.144967,-77.577117
45.610577,-123.942706
30.654204,-97.012499
42.291696,-89.017318
34.982847,-80.971771
34.915201,-79.741522
44.088801,-69.121339
34.005566,-85.057519
28.065287,-97.049835
41.594916,-109.239132
35.960053,-77.83026
37.001543,-79.886732
36.401223,-83.005511
37.946813,-91.763311
34.26508,-85.190307
43.232772,-75.435518
40.305531,-110.008377
34.850664,-118.187631
43.224956,-123.352091
33.369847,-104.52713
42.396947,-88.118352
36.39616,-78.980124
39.469442,-105.082495
32.978907,-96.324411
33.359473,-105.655587
44.556789,-70.541474
34.209155,-117.114035
42.616773,-113.677098
39.613699,-85.44735
38.889464,-98.857372
40.510368,-83.915219
34.507515,-87.727046
35.270151,-93.133095
36.844789,-86.892016
32.534854,-92.643186
43.605714,-72.979739
38.637389,-121.332023
32.829557,-109.730845
43.435943,-83.969163
31.978232,-110.979188
44.811538,-73.084462
29.883433,-81.328263
38.34409,-90.984644
45.56789,-94.196197
37.970257,-90.050849
45.38137,-93.349895
37.10472,-113.563197
44.361372,-84.416371
38.512806,-122.468076
45.849434,-122.837233
45.877761,-84.732574
33.94436,-78.100306
26.500406,-82.078843
42.994629,-84.558011
44.423571,-72.015445
39.76131,-94.834733
38.636376,-90.341418
30.134799,-91.828239
40.547548,-84.394824
41.421277,-78.534956
44.327181,-93.96747
42.158131,-78.724752
38.625759,-88.954802
38.603189,-86.096665
37.639331,-91.536022
39.567698,-75.479549
40.903654,-80.857469
44.933155,-123.003454
38.5329,-106.001487
38.814888,-97.614946
36.674424,-121.662088
17.982882,-66.284515
38.368534,-75.591485
35.45908,-94.789047
40.645768,-111.931835
31.43715,-100.457615
29.508417,-98.51856
32.969926,-82.807029
32.911871,-117.130452
33.010573,-116.804228
48.282721,-116.554577
41.550922,-82.836851
45.399272,-122.272319
43.435951,-70.764266
35.462985,-79.166127
37.784954,-122.270088
36.702845,-119.561594
33.360075,-97.174112
18.078439,-67.056143
37.337217,-121.957483
18.284277,-66.103198
32.495152,-114.771548
35.263501,-120.662387
29.868361,-97.937406
34.429742,-119.727769
34.429766,-118.523096
37.063401,-122.000434
35.650032,-105.998441
17.970725,-66.40167
34.913974,-120.440575
34.351315,-119.071574
38.452021,-122.728683
44.320612,-74.12739
43.08963,-73.76617
45.742379,-94.941285
46.47953,-84.349991
32.050799,-81.16825
39.938773,-94.826592
35.215351,-88.229778
41.987522,-76.527113
45.744097,-122.87805
41.448762,-97.060337
40.633226,-76.164604
37.221017,-89.534719
41.851462,-103.659371
34.652044,-86.03394
38.69248,-85.785542
36.749261,-86.207621
41.305942,-75.803513
32.599566,-80.106126
38.641416,-75.588027
29.772453,-96.161813
35.240301,-91.723257
46.007049,-123.918654
36.601889,-121.863629
47.462654,-122.274517
38.38511,-122.819428
27.535435,-81.48274
38.699231,-93.243355
34.874035,-111.815663
29.572847,-97.984824
32.42409,-87.056854
36.591225,-119.632933
35.237938,-96.670737
32.717715,-102.652768
34.613606,-89.970735
34.700758,-82.944692
48.097209,-123.144944
40.517755,-104.860387
35.855101,-83.549456
40.914262,-97.093022
38.949268,-85.88626
35.882655,-83.761629
35.491567,-119.272514
40.784331,-76.567227
41.227191,-80.484726
44.777894,-88.586019
35.339962,-96.922947
43.752369,-87.759136
35.292575,-81.523
40.88244,-82.661328
39.408116,-88.808804
39.5248,-85.773243
38.20464,-85.229285
35.488483,-86.451673
43.181712,-95.846534
43.380348,-112.125963
47.225379,-123.105524
40.759411,-95.373447
40.79867,-76.214439
34.307216,-92.407471
45.096267,-123.397973
44.786575,-106.961977
33.628596,-96.626722
39.399059,-80.304973
40.050241,-77.508919
36.782257,-108.69002
34.236374,-110.047905
32.483918,-93.761805
47.710661,-104.188309
41.137554,-102.975455
42.308338,-75.397789
40.289527,-84.166729
31.523336,-110.270123
36.885383,-89.570714
35.725604,-79.458172
36.187614,-94.53388
30.346304,-94.166302
32.792431,-108.263906
42.541155,-79.168995
34.747134,-117.345505
39.630531,-106.051863
45.003668,-122.775459
34.270131,-118.745885
28.033968,-97.507157
43.0746,-96.170271
42.47819,-96.400334
43.534407,-96.735626
57.060314,-135.335075
36.363587,-96.016739
44.773824,-69.718056
40.752459,-75.585499
33.434584,-101.646688
30.288613,-89.772787
41.0519,-80.040156
35.505851,-78.340288
36.986604,-76.599391
35.956918,-85.823369
39.396869,-94.570987
47.536202,-121.868755
34.495184,-110.09443
39.212659,-106.942958
32.713592,-100.914817
34.066403,-106.898695
60.490012,-151.08875
36.429796,-121.321458
34.610025,-120.108259
37.05499,-84.611083
40.012284,-79.076271
32.594862,-114.71207
38.298471,-122.472885
38.004951,-120.313628
30.817309,-97.602978
41.708036,-86.214552
43.228138,-70.806762
36.714165,-78.910207
42.097422,-72.066978
42.408042,-86.267429
36.724374,-78.123825
38.920452,-119.977514
42.519859,-83.803736
44.21105,-70.521112
34.955211,-85.727879
43.145129,-85.703469
35.931535,-85.47399
43.939721,-90.811475
34.953756,-81.999181
44.496369,-103.860498
43.143416,-95.151989
42.254461,-71.996412
45.26863,-94.960955
43.39699,-95.123604
47.678312,-117.351985
35.273617,-79.045622
39.787688,-89.648966
42.131394,-72.582929
37.15865,-93.280012
39.939349,-83.803638
36.494244,-86.874958
43.309922,-72.500521
28.471137,-82.543133
38.748795,-94.821055
32.973287,-93.452778
35.746621,-86.916833
41.967751,-72.295411
40.640722,-112.299399
48.245144,-122.342232
43.698416,-116.491877
29.947759,-82.105967
33.453162,-88.816422
40.799211,-77.863592
32.426638,-81.792528
35.791298,-80.887209
39.014595,-89.783955
38.078418,-78.911356
44.811366,-122.797242
40.460896,-106.815665
32.219019,-98.218929
40.625861,-103.214847
41.788642,-89.695176
40.37346,-80.614859
44.504779,-89.545774
38.953752,-76.300584
43.860094,-92.48789
45.036856,-92.826337
36.131496,-97.074464
37.953268,-121.28869
42.641468,-95.197198
41.8137,-72.260207
42.928955,-89.236249
39.003391,-78.349543
41.124914,-88.832925
44.848278,-87.373987
41.799886,-85.420694
44.408973,-103.516385
34.494431,-91.549697
36.749407,-76.576912
28.735714,-82.533235
39.595656,-88.608809
39.100658,-87.407427
38.212493,-91.169645
34.511413,-96.97755
33.129471,-95.604118
47.867203,-121.804686
44.197363,-103.349954
34.476586,-85.352511
40.759068,-111.570254
33.92753,-80.394411
40.239393,-82.869548
40.849647,-76.825497
42.481395,-72.589793
46.320644,-120.008405
40.418435,-120.651103
43.394693,-123.318129
32.596996,-82.332901
34.693482,-77.169592
40.414804,-76.492948
44.399904,-122.710678
35.600713,-84.470916
32.46867,-100.406045
33.169801,-86.28206
35.374766,-83.216934
43.161169,-75.767829
31.529277,-83.826543
41.402751,-85.688652
43.094708,-76.15442
35.143204,-119.463637
-14.319633,-170.728559
35.904639,-94.973054
33.435086,-86.096253
30.476367,-84.27224
32.40668,-91.187614
41.991618,-92.585689
40.833461,-75.870365
28.010427,-82.518359
39.657185,-77.164962
36.389417,-105.597834
35.903683,-77.547456
30.576676,-97.417846
39.545996,-89.28727
37.128938,-81.506555
43.453686,-96.824121
41.988693,-83.956676
35.147688,-118.491034
37.934253,-86.754482
35.698403,-84.264196
37.940428,-107.872557
33.540841,-117.138802
31.130708,-97.423326
39.462048,-87.376375
32.735647,-96.29497
33.440647,-94.068354
45.599579,-121.153986
39.444147,-104.75096
28.946365,-81.996972
30.219837,-95.488368
48.113534,-96.174341
32.905247,-84.324537
30.845091,-83.95846
33.48001,-82.500714
34.195202,-118.8554
41.951454,-85.621445
39.619976,-77.407695
41.109371,-83.183004
31.451537,-83.513989
45.453242,-123.829304
40.146623,-80.709689
41.285787,-85.715098
40.282228,-86.04164
28.595829,-80.835897
41.629297,-79.669631
34.568729,-83.313661
41.636709,-83.608882
43.98801,-90.50138
39.112559,-95.081368
40.536956,-112.308455
39.036179,-95.693507
46.37809,-120.320766
41.823954,-73.096739
42.066476,-104.186793
41.769274,-76.417353
37.736143,-121.454982
44.740926,-85.611424
41.161824,-78.71514
41.720518,-112.174814
40.083047,-93.60003
40.245588,-74.676427
42.993812,-123.308594
37.173379,-104.502074
31.794208,-85.966805
38.962036,-90.962732
40.014656,-84.211057
39.34192,-120.211285
35.674239,-90.519343
33.155431,-107.253447
36.131142,-111.234731
32.26211,-110.940596
35.170237,-103.725685
36.204616,-119.337017
35.369742,-86.214094
36.095436,-95.893198
34.253591,-88.730242
44.228161,-74.464545
37.508819,-120.846718
33.203972,-87.541577
39.800888,-88.279816
32.421885,-85.702145
34.139591,-116.064496
34.227901,-116.055881
42.562891,-114.454094
42.507033,-88.286532
32.011177,-80.865579
32.316487,-95.313125
40.610312,-78.33524
39.181281,-123.201696
37.58073,-101.363951
38.455102,-91.009834
34.724791,-81.626293
40.199915,-84.813242
36.424452,-89.04733
42.684489,-88.066419
39.894469,-79.716555
40.833899,-83.27365
39.339526,-77.34469
40.10951,-83.748375
43.089848,-75.265934
18.264509,-66.695008
29.216153,-99.783597
38.364238,-121.965249
32.069733,-110.709182
39.640733,-106.382391
30.865954,-83.287724
38.111087,-122.217775
46.921448,-98.002974
32.835359,-85.180049
41.477516,-87.061615
38.979622,-89.110625
40.86818,-84.586161
44.046725,-123.354346
42.782079,-96.92503
40.44629,-109.545135
34.151634,-99.297646
27.671084,-80.426951
38.055037,-84.723462
32.32119,-90.864685
28.834013,-96.974607
34.477485,-117.301834
32.209652,-82.380793
18.137599,-65.441508
38.201386,-92.728833
34.781269,-111.7606
33.74857,-84.923473
30.691221,-92.279432
38.676201,-87.505839
39.467265,-75.023653
41.422958,-70.574442
36.639473,-95.159283
42.166138,-92.024398
47.509644,-92.55458
36.914308,-76.29108
43.558434,-90.890695
36.328953,-119.315313
40.79921,-85.828667
31.541562,-97.164013
44.841988,-93.793195
46.439417,-95.140268
34.965749,-80.076333
35.955387,-95.382413
41.21337,-96.620552
46.2699,-96.602188
19.947762,-155.801335
41.521081,-74.214184
38.627254,-76.960747
44.426122,-124.051458
43.000725,-88.370205
34.769502,-83.05545
46.061396,-118.334213
36.062713,-90.968107
32.907867,-80.66812
39.207104,-96.30875
40.570129,-84.196839
46.445252,-120.42557
42.256205,-72.25288
32.589889,-83.658043
33.610939,-92.069534
41.84879,-79.146904
38.764425,-93.730232
38.816093,-91.141411
38.722102,-77.748694
41.247699,-85.836491
41.255244,-74.354722
35.592538,-119.344323
44.081189,-93.506414
38.895943,-77.183077
38.653201,-87.166654
41.299792,-91.690873
38.547691,-91.013329
40.760621,-74.985207
35.54406,-77.039633
39.53339,-83.432182
61.589686,-149.367355
41.545429,-73.042036
37.637857,-120.757409
38.341214,-90.152716
42.495329,-92.378435
44.028459,-75.796073
44.900922,-97.11346
43.190745,-88.728712
44.551421,-69.654162
47.803252,-103.259811
40.775229,-87.730772
36.927978,-121.777332
27.544342,-81.809406
44.342086,-89.12485
43.629107,-88.736246
44.901308,-89.633505
41.553671,-84.141999
42.727196,-92.476314
39.123754,-82.999834
31.222665,-82.367737
42.672199,-85.638804
42.237481,-97.008862
33.090072,-82.012715
39.740714,-77.549238
39.897159,-80.161382
35.522018,-82.984413
35.535191,-98.685602
32.746321,-97.722031
42.464486,-93.825057
44.250806,-116.968736
40.697208,-105.004543
37.272682,-97.392091
41.164781,-82.222002
39.120639,-82.539135
42.122308,-77.945562
47.427367,-120.308384
35.792489,-78.377166
43.417479,-88.182964
29.146862,-95.639088
41.363259,-71.80939
37.897491,-88.932366
39.944399,-83.33901
41.179311,-74.335864
39.957557,-84.328108
39.553699,-76.973805
39.041627,-80.469798
36.737615,-91.87023
33.608389,-88.648618
41.391446,-73.963715
43.901619,-91.082198
41.542977,-86.900898
40.720765,-114.039057
32.543629,-86.213832
29.318569,-96.091522
40.056061,-80.725355
48.413193,-114.343551
43.417273,-86.379768
36.45434,-86.664116
32.221677,-95.220676
38.733116,-93.553158
35.819302,-106.207126
34.325358,-78.707173
42.834915,-88.735709
37.68346,-97.325663
33.904421,-98.518761
33.970863,-112.751691
28.780655,-82.005819
36.172182,-81.173111
37.246808,-93.374891
41.054357,-82.725251
39.153302,-122.148108
36.726323,-84.156371
37.283708,-76.74599
41.249887,-76.992144
42.687964,-84.279503
35.843827,-77.069478
34.621634,-82.492411
41.719102,-72.19755
48.172096,-103.650357
39.416899,-123.359325
45.126347,-95.043013
39.524858,-122.199495
41.304265,-88.149491
34.21656,-77.903452
39.4429,-83.813305
37.864423,-84.657517
35.73806,-77.933946
42.681975,-72.044804
40.170341,-84.976977
37.995548,-84.193102
35.194918,-86.092464
39.147283,-78.1443
34.000863,-83.768664
42.817616,-88.153431
37.236474,-96.984284
40.956217,-117.740065
31.92608,-92.641721
32.161394,-91.720605
34.370781,-81.088218
44.04999,-91.673357
35.030367,-110.70182
41.925848,-73.067543
36.065774,-80.254992
27.959397,-81.792147
38.525659,-121.973157
41.335475,-94.018446
44.370203,-89.813824
36.964906,-82.595517
45.147119,-122.859178
36.41599,-119.102214
38.674234,-121.761529
45.913346,-122.743974
38.981474,-105.049611
34.229809,-84.352744
42.31359,-88.441369
38.872115,-78.51713
36.426911,-99.406165
40.81703,-81.931529
42.231298,-71.737426
44.017362,-107.950955
29.94141,-81.507362
43.621812,-95.605458
43.267908,-82.530107
34.356712,-117.626362
35.231462,-90.786039
36.950783,-81.087376
39.682998,-83.945604
46.605842,-120.543158
42.891215,-97.390117
18.042319,-66.818352
32.862112,-90.419701
46.945199,-122.586979
29.289532,-97.148595
40.868411,-97.590084
39.97051,-76.718786
34.994816,-81.233351
41.1364,-80.705804
41.725402,-122.636213
39.123148,-121.604141
34.115894,-116.416982
32.676607,-114.559875
30.653712,-91.174013
39.951793,-82.018262
26.89392,-99.263664
35.837799,-78.320443
28.247927,-82.191154
45.444199,-93.596329
